온실번호,측정라인,표본번호,조사일자,착과수,예측,오차
1,1,1,2024-11-01,0.0,0.39171233791243487,0.39171233791243487
1,1,1,2024-11-04,0.0,0.0,0.0
1,1,1,2024-11-11,0.0,0.5130211111716737,0.5130211111716737
1,1,1,2024-11-18,2.0,0.2575248181645079,1.7424751818354922
1,1,1,2024-11-25,5.0,6.071299860427768,1.071299860427768
1,1,1,2024-12-02,9.0,7.722281356848589,1.2777186431514114
1,1,1,2024-12-09,9.0,8.476463002642141,0.5235369973578585
1,1,1,2024-12-16,6.0,6.011521300258514,0.011521300258514167
1,1,1,2024-12-23,4.0,4.355854606515326,0.35585460651532586
1,1,1,2024-12-30,3.0,3.4248102563015266,0.4248102563015266
1,1,1,2025-01-06,1.0,2.710081846572265,1.710081846572265
1,1,1,2025-01-13,5.0,4.224354380826089,0.7756456191739112
1,1,1,2025-01-20,5.0,4.228021782597489,0.7719782174025109
1,1,1,2025-01-31,5.0,5.257308095568369,0.2573080955683693
1,1,1,2025-02-03,6.0,5.591187639930008,0.4088123600699918
1,1,2,2024-11-01,0.0,0.39171233791243487,0.39171233791243487
1,1,2,2024-11-04,0.0,0.17325397234924925,0.17325397234924925
1,1,2,2024-11-11,0.0,1.0961827333775485,1.0961827333775485
1,1,2,2024-11-18,0.0,1.2762458676870612,1.2762458676870612
1,1,2,2024-11-25,2.0,4.285652969769534,2.285652969769534
1,1,2,2024-12-02,7.0,6.797514146096831,0.20248585390316887
1,1,2,2024-12-09,7.0,7.680582624680141,0.6805826246801407
1,1,2,2024-12-16,5.0,5.0166772840197655,0.016677284019765537
1,1,2,2024-12-23,5.0,3.3868738301840002,1.6131261698159998
1,1,2,2024-12-30,3.0,3.5107622574119843,0.5107622574119843
1,1,2,2025-01-06,2.0,2.8477454335005725,0.8477454335005725
1,1,2,2025-01-13,4.0,4.376828574359044,0.3768285743590436
1,1,2,2025-01-20,4.0,3.9826786338752864,0.017321366124713578
1,1,2,2025-01-31,4.0,5.6951231690897375,1.6951231690897375
1,1,2,2025-02-03,8.0,6.46547480517594,1.5345251948240604
1,2,1,2024-11-01,0.0,0.4858835330746896,0.4858835330746896
1,2,1,2024-11-04,2.0,0.2941696056546006,1.7058303943453994
1,2,1,2024-11-11,5.0,3.880321151401148,1.119678848598852
1,2,1,2024-11-18,6.0,5.187580698389582,0.8124193016104178
1,2,1,2024-11-25,9.0,8.200697441397613,0.7993025586023865
1,2,1,2024-12-02,7.0,8.941032876771587,1.9410328767715868
1,2,1,2024-12-09,7.0,7.3778740821395985,0.3778740821395985
1,2,1,2024-12-16,5.0,5.248243788106665,0.2482437881066648
1,2,1,2024-12-23,4.0,3.599579725337769,0.4004202746622312
1,2,1,2024-12-30,2.0,3.43840468468434,1.4384046846843401
1,2,1,2025-01-06,0.0,2.856784542902887,2.856784542902887
1,2,1,2025-01-13,5.0,3.312456778231618,1.6875432217683821
1,2,1,2025-01-20,5.0,4.1294938445353075,0.8705061554646925
1,2,1,2025-01-31,6.0,5.566170231720002,0.4338297682799981
1,2,1,2025-02-03,5.0,6.254012021632185,1.2540120216321853
1,2,2,2024-11-01,0.0,0.4858835330746896,0.4858835330746896
1,2,2,2024-11-04,0.0,0.6176026206919707,0.6176026206919707
1,2,2,2024-11-11,1.0,0.9813931819277871,0.018606818072212872
1,2,2,2024-11-18,2.0,2.390304065373202,0.39030406537320195
1,2,2,2024-11-25,8.0,6.220033897955097,1.7799661020449031
1,2,2,2024-12-02,6.0,8.861355720168095,2.8613557201680955
1,2,2,2024-12-09,6.0,6.440627832409432,0.44062783240943215
1,2,2,2024-12-16,4.0,4.73303823317455,0.7330382331745504
1,2,2,2024-12-23,3.0,3.7534924660381597,0.7534924660381597
1,2,2,2024-12-30,3.0,3.3094168653714378,0.30941686537143775
1,2,2,2025-01-06,1.0,2.8847392011104973,1.8847392011104973
1,2,2,2025-01-13,6.0,4.289045599143386,1.7109544008566138
1,2,2,2025-01-20,5.0,5.224126925594855,0.22412692559485503
1,2,2,2025-01-31,8.0,5.3429053707227965,2.6570946292772035
1,2,2,2025-02-03,8.0,7.280723333824017,0.7192766661759826
1,3,1,2024-11-01,0.0,0.47660097591308354,0.47660097591308354
1,3,1,2024-11-04,0.0,0.0027004870321014098,0.0027004870321014098
1,3,1,2024-11-11,0.0,0.5992967608260807,0.5992967608260807
1,3,1,2024-11-18,0.0,0.4727706758920265,0.4727706758920265
1,3,1,2024-11-25,5.0,4.112794396001763,0.887205603998237
1,3,1,2024-12-02,7.0,7.2398274955713635,0.2398274955713635
1,3,1,2024-12-09,7.0,7.408420398367409,0.40842039836740884
1,3,1,2024-12-16,5.0,5.3544547604988,0.3544547604988004
1,3,1,2024-12-23,5.0,3.789585978431432,1.210414021568568
1,3,1,2024-12-30,5.0,3.308192358426653,1.6918076415733472
1,3,1,2025-01-06,3.0,3.4175099133012092,0.41750991330120923
1,3,1,2025-01-13,3.0,4.156100689931025,1.1561006899310247
1,3,1,2025-01-20,3.0,3.816459459318868,0.8164594593188679
1,3,1,2025-01-31,6.0,5.002414004982234,0.9975859950177659
1,3,1,2025-02-03,5.0,6.035733456044975,1.0357334560449747
1,3,2,2024-11-01,0.0,0.47660097591308354,0.47660097591308354
1,3,2,2024-11-04,0.0,0.16206478789678996,0.16206478789678996
1,3,2,2024-11-11,0.0,0.5364370183815511,0.5364370183815511
1,3,2,2024-11-18,0.0,0.7719370892793482,0.7719370892793482
1,3,2,2024-11-25,4.0,3.6436558440275815,0.35634415597241853
1,3,2,2024-12-02,7.0,6.990393430798995,0.009606569201005222
1,3,2,2024-12-09,7.0,7.6181548962747545,0.6181548962747545
1,3,2,2024-12-16,6.0,5.242249155069506,0.7577508449304942
1,3,2,2024-12-23,5.0,4.511232012437982,0.4887679875620181
1,3,2,2024-12-30,4.0,3.6816794310737553,0.3183205689262447
1,3,2,2025-01-06,2.0,3.107576665787312,1.1075766657873118
1,3,2,2025-01-13,2.0,4.265275013234816,2.265275013234816
1,3,2,2025-01-20,4.0,4.167463401272217,0.16746340127221693
1,3,2,2025-01-31,7.0,5.218173531211243,1.7818264687887568
1,3,2,2025-02-03,7.0,6.516444959287024,0.48355504071297606
1,4,1,2024-11-01,0.0,0.4596332038786468,0.4596332038786468
1,4,1,2024-11-04,0.0,0.15351061961707296,0.15351061961707296
1,4,1,2024-11-11,0.0,0.4770441408580613,0.4770441408580613
1,4,1,2024-11-18,1.0,0.7828107707465392,0.21718922925346085
1,4,1,2024-11-25,4.0,5.269681224374166,1.2696812243741658
1,4,1,2024-12-02,7.0,6.761879027040072,0.23812097295992807
1,4,1,2024-12-09,7.0,7.111582415660483,0.11158241566048321
1,4,1,2024-12-16,5.0,5.293622106096588,0.29362210609658757
1,4,1,2024-12-23,4.0,3.982998106496701,0.017001893503298948
1,4,1,2024-12-30,3.0,3.416524654342259,0.41652465434225894
1,4,1,2025-01-06,2.0,2.4549491492398214,0.45494914923982144
1,4,1,2025-01-13,5.0,4.62342675423453,0.3765732457654698
1,4,1,2025-01-20,4.0,4.227018465463052,0.22701846546305227
1,4,1,2025-01-31,6.0,4.930316378237391,1.069683621762609
1,4,1,2025-02-03,5.0,5.3394001335431955,0.33940013354319554
1,4,2,2024-11-01,0.0,0.4596332038786468,0.4596332038786468
1,4,2,2024-11-04,0.0,0.20007330711784296,0.20007330711784296
1,4,2,2024-11-11,0.0,0.37437028785018234,0.37437028785018234
1,4,2,2024-11-18,1.0,0.5774986062504979,0.42250139374950213
1,4,2,2024-11-25,5.0,5.2178496197457775,0.21784961974577755
1,4,2,2024-12-02,8.0,7.525410449919148,0.4745895500808519
1,4,2,2024-12-09,8.0,7.857783547629866,0.1422164523701337
1,4,2,2024-12-16,6.0,5.891280585543733,0.10871941445626732
1,4,2,2024-12-23,5.0,4.779941519399851,0.22005848060014888
1,4,2,2024-12-30,3.0,3.765100907901838,0.765100907901838
1,4,2,2025-01-06,2.0,2.5283908039166993,0.5283908039166993
1,4,2,2025-01-13,6.0,4.798713427121066,1.2012865728789341
1,4,2,2025-01-20,4.0,4.986869387823265,0.9868693878232646
1,4,2,2025-01-31,6.0,5.117744046166374,0.8822559538336261
1,4,2,2025-02-03,5.0,5.332080429586296,0.3320804295862958
1,5,1,2024-11-01,0.0,0.4427880626844478,0.4427880626844478
1,5,1,2024-11-04,0.0,0.2296327512172089,0.2296327512172089
1,5,1,2024-11-11,0.0,0.22555763574096957,0.22555763574096957
1,5,1,2024-11-18,1.0,0.701540682382836,0.29845931761716404
1,5,1,2024-11-25,5.0,5.129593760886804,0.12959376088680408
1,5,1,2024-12-02,7.0,7.370195209035604,0.37019520903560377
1,5,1,2024-12-09,7.0,6.961872617332785,0.038127382667214604
1,5,1,2024-12-16,6.0,5.294065135280383,0.7059348647196169
1,5,1,2024-12-23,4.0,4.940642124935588,0.9406421249355876
1,5,1,2024-12-30,3.0,3.6777020739371715,0.6777020739371715
1,5,1,2025-01-06,1.0,2.636766842571689,1.636766842571689
1,5,1,2025-01-13,4.0,4.859908274621704,0.8599082746217039
1,5,1,2025-01-20,4.0,4.2879382560936925,0.2879382560936925
1,5,1,2025-01-31,6.0,5.235089939763037,0.7649100602369634
1,5,1,2025-02-03,5.0,5.251704237310856,0.25170423731085556
1,5,2,2024-11-01,0.0,0.4427880626844478,0.4427880626844478
1,5,2,2024-11-04,0.0,0.2733160163734387,0.2733160163734387
1,5,2,2024-11-11,4.0,0.8413595345294806,3.158640465470519
1,5,2,2024-11-18,5.0,4.779993135821246,0.22000686417875404
1,5,2,2024-11-25,8.0,7.2754625904762245,0.7245374095237755
1,5,2,2024-12-02,8.0,8.29337606614345,0.29337606614345013
1,5,2,2024-12-09,8.0,7.394346312438068,0.605653687561932
1,5,2,2024-12-16,6.0,5.678439785754952,0.3215602142450482
1,5,2,2024-12-23,5.0,4.910266065866941,0.08973393413305875
1,5,2,2024-12-30,4.0,4.018438385696233,0.018438385696232906
1,5,2,2025-01-06,2.0,3.002978937852617,1.002978937852617
1,5,2,2025-01-13,4.0,4.505892930958854,0.5058929309588542
1,5,2,2025-01-20,4.0,4.061670959037404,0.061670959037403605
1,5,2,2025-01-31,5.0,5.270912247643083,0.27091224764308297
1,5,2,2025-02-03,4.0,5.079934623059912,1.0799346230599118
2,1,1,2024-11-01,0.0,0.06185635252689483,0.06185635252689483
2,1,1,2024-11-04,0.0,0.0,0.0
2,1,1,2024-11-11,0.0,0.23734491054782125,0.23734491054782125
2,1,1,2024-11-18,1.0,0.9993711472667502,0.0006288527332497518
2,1,1,2024-11-25,5.0,4.760158099423719,0.2398419005762813
2,1,1,2024-12-02,8.0,7.828482984284347,0.17151701571565336
2,1,1,2024-12-09,8.0,6.8421354905793965,1.1578645094206035
2,1,1,2024-12-16,6.0,5.991253439547876,0.008746560452124186
2,1,1,2024-12-23,5.0,4.611598495296794,0.38840150470320634
2,1,1,2024-12-30,4.0,3.8149010419121527,0.18509895808784727
2,1,1,2025-01-06,2.0,2.8261652596465754,0.8261652596465754
2,1,1,2025-01-13,4.0,4.0542089222539115,0.054208922253911496
2,1,1,2025-01-20,4.0,4.718127741920642,0.7181277419206422
2,1,1,2025-01-31,7.0,5.233150821664847,1.7668491783351534
2,1,1,2025-02-03,6.0,6.412609894666839,0.41260989466683906
2,1,2,2024-11-01,0.0,0.06185635252689483,0.06185635252689483
2,1,2,2024-11-04,0.0,0.0,0.0
2,1,2,2024-11-11,0.0,0.323652167617609,0.323652167617609
2,1,2,2024-11-18,0.0,0.7585708338111814,0.7585708338111814
2,1,2,2024-11-25,4.0,3.1976474745117973,0.8023525254882027
2,1,2,2024-12-02,7.0,6.966954111437439,0.033045888562560854
2,1,2,2024-12-09,7.0,6.254526889106116,0.7454731108938839
2,1,2,2024-12-16,6.0,5.587793267121113,0.41220673287888676
2,1,2,2024-12-23,4.0,4.772118483228675,0.7721184832286747
2,1,2,2024-12-30,3.0,3.5411660408885917,0.5411660408885917
2,1,2,2025-01-06,2.0,2.8922558031239483,0.8922558031239483
2,1,2,2025-01-13,3.0,4.504662743216193,1.5046627432161932
2,1,2,2025-01-20,3.0,4.9632317048301875,1.9632317048301875
2,1,2,2025-01-31,6.0,5.838180267901798,0.161819732098202
2,1,2,2025-02-03,5.0,6.221259818044796,1.2212598180447962
2,2,1,2024-11-01,1.0,0.09585071994401013,0.9041492800559898
2,2,1,2024-11-04,1.0,1.9976394628949217,0.9976394628949217
2,2,1,2024-11-11,4.0,3.111620565524149,0.8883794344758509
2,2,1,2024-11-18,5.0,4.570875096943948,0.429124903056052
2,2,1,2024-11-25,9.0,6.995479064217698,2.0045209357823017
2,2,1,2024-12-02,10.0,8.056364927786829,1.943635072213171
2,2,1,2024-12-09,10.0,7.475028538207919,2.524971461792081
2,2,1,2024-12-16,7.0,6.639191461344531,0.36080853865546914
2,2,1,2024-12-23,4.0,5.599828941051853,1.599828941051853
2,2,1,2024-12-30,4.0,3.0611590529665142,0.9388409470334858
2,2,1,2025-01-06,4.0,2.5492630041595876,1.4507369958404124
2,2,1,2025-01-13,4.0,4.264618583077805,0.26461858307780517
2,2,1,2025-01-20,4.0,3.7648222118558823,0.23517778814411772
2,2,1,2025-01-31,7.0,5.239414976285932,1.7605850237140679
2,2,1,2025-02-03,6.0,6.4907148404662065,0.4907148404662065
2,2,2,2024-11-01,3.0,0.09585071994401013,2.90414928005599
2,2,2,2024-11-04,3.0,2.4165093006800293,0.5834906993199707
2,2,2,2024-11-11,6.0,3.9222253212070872,2.0777746787929128
2,2,2,2024-11-18,7.0,4.838632298598322,2.1613677014016783
2,2,2,2024-11-25,9.0,7.401067906689932,1.5989320933100677
2,2,2,2024-12-02,8.0,7.87629978957862,0.12370021042138024
2,2,2,2024-12-09,8.0,6.304418061108393,1.695581938891607
2,2,2,2024-12-16,6.0,6.011532021413479,0.011532021413478866
2,2,2,2024-12-23,5.0,4.820085775432633,0.1799142245673666
2,2,2,2024-12-30,4.0,3.969600808573194,0.030399191426806027
2,2,2,2025-01-06,4.0,2.7821715458469227,1.2178284541530773
2,2,2,2025-01-13,4.0,4.213296659476936,0.21329665947693588
2,2,2,2025-01-20,4.0,3.795976292002139,0.20402370799786107
2,2,2,2025-01-31,6.0,5.556507837455398,0.4434921625446018
2,2,2,2025-02-03,6.0,5.7366776093843095,0.2633223906156905
2,3,1,2024-11-01,0.0,0.12048050478342365,0.12048050478342365
2,3,1,2024-11-04,0.0,0.06043859125915022,0.06043859125915022
2,3,1,2024-11-11,0.0,0.6331050109544708,0.6331050109544708
2,3,1,2024-11-18,1.0,1.4366307651601427,0.43663076516014265
2,3,1,2024-11-25,5.0,5.200972936465685,0.2009729364656847
2,3,1,2024-12-02,9.0,7.505901491588437,1.4940985084115628
2,3,1,2024-12-09,9.0,6.832629319302661,2.1673706806973394
2,3,1,2024-12-16,6.0,6.5335014759134316,0.5335014759134316
2,3,1,2024-12-23,5.0,5.093420617079616,0.09342061707961591
2,3,1,2024-12-30,3.0,4.301259864407071,1.3012598644070712
2,3,1,2025-01-06,2.0,2.9164406810397057,0.9164406810397057
2,3,1,2025-01-13,4.0,4.590860420474232,0.5908604204742316
2,3,1,2025-01-20,5.0,4.504715931676065,0.4952840683239348
2,3,1,2025-01-31,5.0,5.550638107565836,0.5506381075658364
2,3,1,2025-02-03,4.0,4.88664635692532,0.8866463569253202
2,3,2,2024-11-01,1.0,0.12048050478342365,0.8795194952165764
2,3,2,2024-11-04,1.0,1.8420797979333536,0.8420797979333536
2,3,2,2024-11-11,4.0,3.270809006913803,0.7291909930861968
2,3,2,2024-11-18,5.0,4.489427578558474,0.5105724214415259
2,3,2,2024-11-25,8.0,7.223362838459406,0.7766371615405943
2,3,2,2024-12-02,7.0,7.337506594340762,0.3375065943407618
2,3,2,2024-12-09,7.0,5.946994677635393,1.0530053223646068
2,3,2,2024-12-16,6.0,5.438380432106437,0.5616195678935627
2,3,2,2024-12-23,5.0,4.855321046977307,0.14467895302269262
2,3,2,2024-12-30,4.0,4.177218134245686,0.17721813424568644
2,3,2,2025-01-06,3.0,2.8820260237308766,0.11797397626912343
2,3,2,2025-01-13,6.0,4.394260807598174,1.6057391924018258
2,3,2,2025-01-20,6.0,5.0720651384006645,0.9279348615993355
2,3,2,2025-01-31,6.0,5.8075436626109855,0.19245633738901446
2,3,2,2025-02-03,5.0,5.470185668243146,0.470185668243146
2,4,1,2024-11-01,1.0,0.026367183994848373,0.9736328160051516
2,4,1,2024-11-04,1.0,1.8925707180334277,0.8925707180334277
2,4,1,2024-11-11,4.0,2.849494515719428,1.150505484280572
2,4,1,2024-11-18,5.0,4.264205000126346,0.7357949998736544
2,4,1,2024-11-25,7.0,6.725002475333944,0.2749975246660563
2,4,1,2024-12-02,8.0,6.996062417404591,1.0039375825954089
2,4,1,2024-12-09,8.0,6.546517125702075,1.4534828742979249
2,4,1,2024-12-16,6.0,6.006754340017846,0.006754340017845806
2,4,1,2024-12-23,5.0,5.049740569786072,0.04974056978607244
2,4,1,2024-12-30,3.0,4.239946656014206,1.2399466560142063
2,4,1,2025-01-06,2.0,2.553134818432507,0.5531348184325071
2,4,1,2025-01-13,6.0,4.473768775555338,1.526231224444662
2,4,1,2025-01-20,5.0,4.982630999119637,0.01736900088036286
2,4,1,2025-01-31,7.0,6.065859421994318,0.9341405780056817
2,4,1,2025-02-03,6.0,6.220652879308818,0.22065287930881805
2,4,2,2024-11-01,1.0,0.026367183994848373,0.9736328160051516
2,4,2,2024-11-04,1.0,1.8529166975906894,0.8529166975906894
2,4,2,2024-11-11,3.0,3.3008544321186597,0.3008544321186597
2,4,2,2024-11-18,4.0,3.6766954954710136,0.3233045045289864
2,4,2,2024-11-25,7.0,6.575099344681061,0.4249006553189387
2,4,2,2024-12-02,7.0,7.178562639687258,0.17856263968725816
2,4,2,2024-12-09,8.0,6.1471255709489645,1.8528744290510355
2,4,2,2024-12-16,5.0,5.941890611223334,0.9418906112233341
2,4,2,2024-12-23,4.0,4.169094697484741,0.16909469748474137
2,4,2,2024-12-30,4.0,3.2199337757840034,0.7800662242159966
2,4,2,2025-01-06,3.0,2.8122199514033346,0.18778004859666542
2,4,2,2025-01-13,5.0,4.554707636948241,0.4452923630517587
2,4,2,2025-01-20,5.0,4.620511794719672,0.3794882052803281
2,4,2,2025-01-31,6.0,5.78891180214201,0.2110881978579897
2,4,2,2025-02-03,6.0,5.75977946151392,0.2402205384860796
2,5,1,2024-11-01,0.0,0.012463029426805784,0.012463029426805784
2,5,1,2024-11-04,0.0,0.0,0.0
2,5,1,2024-11-11,0.0,0.10340172876272014,0.10340172876272014
2,5,1,2024-11-18,1.0,1.3180622250455212,0.3180622250455212
2,5,1,2024-11-25,7.0,4.504463870568126,2.4955361294318736
2,5,1,2024-12-02,7.0,7.406262063458551,0.4062620634585512
2,5,1,2024-12-09,7.0,5.97554424766562,1.0244557523343802
2,5,1,2024-12-16,6.0,5.192408850035579,0.8075911499644208
2,5,1,2024-12-23,5.0,4.9458794940230035,0.05412050597699647
2,5,1,2024-12-30,4.0,3.9589595690722077,0.041040430927792304
2,5,1,2025-01-06,3.0,2.966884995043359,0.03311500495664088
2,5,1,2025-01-13,4.0,4.1738515912022445,0.17385159120224447
2,5,1,2025-01-20,4.0,4.56033408843723,0.5603340884372301
2,5,1,2025-01-31,7.0,5.372313405671818,1.627686594328182
2,5,1,2025-02-03,6.0,6.60974854654695,0.6097485465469497
2,5,2,2024-11-01,2.0,0.012463029426805784,1.9875369705731942
2,5,2,2024-11-04,2.0,1.8012342057339534,0.19876579426604657
2,5,2,2024-11-11,2.0,3.1853776297580696,1.1853776297580696
2,5,2,2024-11-18,4.0,3.179788816060982,0.8202111839390178
2,5,2,2024-11-25,6.0,6.0242034329973855,0.024203432997385477
2,5,2,2024-12-02,7.0,6.33029594110384,0.6697040588961602
2,5,2,2024-12-09,7.0,5.764372489602963,1.2356275103970367
2,5,2,2024-12-16,5.0,5.237229140407204,0.23722914040720422
2,5,2,2024-12-23,5.0,3.8546797816576515,1.1453202183423485
2,5,2,2024-12-30,3.0,3.8136044372120907,0.8136044372120907
2,5,2,2025-01-06,2.0,2.3869969837163616,0.3869969837163616
2,5,2,2025-01-13,5.0,4.174813516825812,0.8251864831741882
2,5,2,2025-01-20,5.0,4.886340653023321,0.11365934697667868
2,5,2,2025-01-31,7.0,5.529677058017482,1.4703229419825181
2,5,2,2025-02-03,5.0,6.219762912608049,1.219762912608049
3,1,1,2024-11-01,0.0,0.27663843926493353,0.27663843926493353
3,1,1,2024-11-04,0.0,0.007191305769061374,0.007191305769061374
3,1,1,2024-11-11,0.0,0.0,0.0
3,1,1,2024-11-18,0.0,0.0,0.0
3,1,1,2024-11-25,1.0,0.5870159784184344,0.41298402158156555
3,1,1,2024-12-02,6.0,6.159632373069037,0.15963237306903721
3,1,1,2024-12-09,8.0,7.105193599287367,0.8948064007126328
3,1,1,2024-12-16,6.0,6.434377910770649,0.4343779107706487
3,1,1,2024-12-23,4.0,4.638442263657393,0.6384422636573932
3,1,1,2024-12-30,2.0,3.3034150894110894,1.3034150894110894
3,1,1,2025-01-06,2.0,2.6463278062828417,0.6463278062828417
3,1,1,2025-01-13,5.0,4.505406551999186,0.4945934480008143
3,1,1,2025-01-20,5.0,4.001369669661128,0.9986303303388722
3,1,1,2025-01-31,8.0,5.22377336449338,2.77622663550662
3,1,1,2025-02-03,7.0,6.172260457547583,0.8277395424524174
3,1,2,2024-11-01,0.0,0.27663843926493353,0.27663843926493353
3,1,2,2024-11-04,0.0,0.03627915805872481,0.03627915805872481
3,1,2,2024-11-11,0.0,0.0,0.0
3,1,2,2024-11-18,0.0,0.0,0.0
3,1,2,2024-11-25,3.0,0.7114636564362145,2.2885363435637855
3,1,2,2024-12-02,5.0,6.114942927033376,1.1149429270333764
3,1,2,2024-12-09,7.0,6.245810241245587,0.7541897587544133
3,1,2,2024-12-16,5.0,5.997303790931596,0.9973037909315963
3,1,2,2024-12-23,4.0,4.0510320579374195,0.051032057937419495
3,1,2,2024-12-30,4.0,3.396588472845302,0.603411527154698
3,1,2,2025-01-06,4.0,2.4767001797663193,1.5232998202336807
3,1,2,2025-01-13,4.0,4.7643444253540705,0.7643444253540705
3,1,2,2025-01-20,4.0,3.374177286636723,0.6258227133632772
3,1,2,2025-01-31,7.0,4.783503543991719,2.216496456008281
3,1,2,2025-02-03,7.0,5.742270958225228,1.2577290417747724
3,2,1,2024-11-01,0.0,0.49336427835535795,0.49336427835535795
3,2,1,2024-11-04,0.0,0.23085868923824443,0.23085868923824443
3,2,1,2024-11-11,0.0,0.0,0.0
3,2,1,2024-11-18,0.0,0.0,0.0
3,2,1,2024-11-25,3.0,0.6615710228788965,2.3384289771211035
3,2,1,2024-12-02,6.0,6.158013803398414,0.15801380339841398
3,2,1,2024-12-09,8.0,7.1586327304556265,0.8413672695443735
3,2,1,2024-12-16,6.0,6.301030261020587,0.3010302610205873
3,2,1,2024-12-23,5.0,4.600163567315301,0.39983643268469926
3,2,1,2024-12-30,3.0,3.8193565228481887,0.8193565228481887
3,2,1,2025-01-06,2.0,2.56903795901338,0.5690379590133801
3,2,1,2025-01-13,6.0,4.606036356680849,1.3939636433191511
3,2,1,2025-01-20,5.0,4.109776828493503,0.8902231715064968
3,2,1,2025-01-31,7.0,5.198163941561666,1.801836058438334
3,2,1,2025-02-03,6.0,5.645393410024677,0.35460658997532324
3,2,2,2024-11-01,0.0,0.49336427835535795,0.49336427835535795
3,2,2,2024-11-04,0.0,0.24509847743362906,0.24509847743362906
3,2,2,2024-11-11,0.0,0.0,0.0
3,2,2,2024-11-18,0.0,0.44851787916281005,0.44851787916281005
3,2,2,2024-11-25,2.0,1.0935324641510313,0.9064675358489687
3,2,2,2024-12-02,6.0,6.50451237087177,0.5045123708717698
3,2,2,2024-12-09,7.0,7.4172219816666685,0.41722198166666846
3,2,2,2024-12-16,6.0,5.666983625410101,0.3330163745898993
3,2,2,2024-12-23,4.0,4.545474503869865,0.5454745038698654
3,2,2,2024-12-30,3.0,3.304598855989041,0.3045988559890409
3,2,2,2025-01-06,1.0,2.580064663129138,1.580064663129138
3,2,2,2025-01-13,5.0,4.624127443081813,0.37587255691818733
3,2,2,2025-01-20,5.0,4.2330243821001305,0.7669756178998695
3,2,2,2025-01-31,6.0,5.082588924812339,0.917411075187661
3,2,2,2025-02-03,5.0,4.976957620535327,0.023042379464673246
3,3,1,2024-11-01,0.0,0.4439218215459084,0.4439218215459084
3,3,1,2024-11-04,0.0,0.11725528501783712,0.11725528501783712
3,3,1,2024-11-11,0.0,0.0,0.0
3,3,1,2024-11-18,0.0,0.0,0.0
3,3,1,2024-11-25,2.0,0.5766862025970219,1.4233137974029781
3,3,1,2024-12-02,6.0,6.4360685244676095,0.43606852446760946
3,3,1,2024-12-09,8.0,6.7091932234257365,1.2908067765742635
3,3,1,2024-12-16,6.0,6.2832632177488215,0.28326321774882146
3,3,1,2024-12-23,6.0,4.609601295284197,1.3903987047158033
3,3,1,2024-12-30,5.0,4.058925997510778,0.9410740024892217
3,3,1,2025-01-06,4.0,2.9838804380986086,1.0161195619013914
3,3,1,2025-01-13,5.0,4.955111679021475,0.04488832097852491
3,3,1,2025-01-20,5.0,3.5347170087956234,1.4652829912043766
3,3,1,2025-01-31,5.0,4.880449316677444,0.11955068332255614
3,3,1,2025-02-03,5.0,4.46496506777829,0.5350349322217101
3,3,2,2024-11-01,2.0,0.4439218215459084,1.5560781784540916
3,3,2,2024-11-04,1.0,2.717193395179463,1.717193395179463
3,3,2,2024-11-11,3.0,2.3302464998030246,0.6697535001969754
3,3,2,2024-11-18,5.0,4.8285214763106,0.17147852368939986
3,3,2,2024-11-25,7.0,6.225688594852916,0.7743114051470839
3,3,2,2024-12-02,7.0,8.159019848043034,1.1590198480430338
3,3,2,2024-12-09,8.0,7.7094080449401705,0.2905919550598295
3,3,2,2024-12-16,7.0,6.062815797870456,0.9371842021295436
3,3,2,2024-12-23,6.0,4.795495032017046,1.2045049679829543
3,3,2,2024-12-30,5.0,3.949725164270223,1.0502748357297769
3,3,2,2025-01-06,3.0,3.144552048765623,0.1445520487656231
3,3,2,2025-01-13,5.0,4.168041164482914,0.8319588355170859
3,3,2,2025-01-20,5.0,3.875716879046792,1.124283120953208
3,3,2,2025-01-31,5.0,4.899544415544079,0.10045558445592118
3,3,2,2025-02-03,5.0,4.557522591958006,0.4424774080419942
3,4,1,2024-11-01,0.0,0.4282301176133333,0.4282301176133333
3,4,1,2024-11-04,0.0,0.1160202948942724,0.1160202948942724
3,4,1,2024-11-11,0.0,0.0,0.0
3,4,1,2024-11-18,1.0,0.0,1.0
3,4,1,2024-11-25,5.0,2.835291323427716,2.164708676572284
3,4,1,2024-12-02,6.0,6.648087846281417,0.6480878462814168
3,4,1,2024-12-09,6.0,6.448135513568444,0.4481355135684444
3,4,1,2024-12-16,5.0,5.073101785859187,0.07310178585918692
3,4,1,2024-12-23,3.0,3.795192344082497,0.7951923440824968
3,4,1,2024-12-30,3.0,3.9786876745361877,0.9786876745361877
3,4,1,2025-01-06,1.0,2.1857841149034227,1.1857841149034227
3,4,1,2025-01-13,4.0,3.7181067382967,0.2818932617033001
3,4,1,2025-01-20,5.0,3.7190972727677027,1.2809027272322973
3,4,1,2025-01-31,7.0,4.921966748930864,2.0780332510691357
3,4,1,2025-02-03,6.0,5.469795201005491,0.5302047989945091
3,4,2,2024-11-01,0.0,0.4282301176133333,0.4282301176133333
3,4,2,2024-11-04,0.0,0.15434811830816528,0.15434811830816528
3,4,2,2024-11-11,0.0,0.0,0.0
3,4,2,2024-11-18,1.0,0.0,1.0
3,4,2,2024-11-25,7.0,2.8123784161347682,4.187621583865232
3,4,2,2024-12-02,8.0,8.396113057526327,0.39611305752632653
3,4,2,2024-12-09,8.0,8.417099462967391,0.417099462967391
3,4,2,2024-12-16,7.0,6.42675790183859,0.5732420981614101
3,4,2,2024-12-23,6.0,4.967679811488825,1.032320188511175
3,4,2,2024-12-30,5.0,4.331193521220524,0.6688064787794756
3,4,2,2025-01-06,1.0,3.189963440261496,2.189963440261496
3,4,2,2025-01-13,3.0,3.829822297590635,0.8298222975906349
3,4,2,2025-01-20,4.0,4.542830009304043,0.5428300093040432
3,4,2,2025-01-31,7.0,4.80440265606427,2.19559734393573
3,4,2,2025-02-03,7.0,5.7532123958911505,1.2467876041088495
3,5,1,2024-11-01,0.0,0.478026364456585,0.478026364456585
3,5,1,2024-11-04,0.0,0.22640768592644517,0.22640768592644517
3,5,1,2024-11-11,0.0,0.0,0.0
3,5,1,2024-11-18,1.0,0.0,1.0
3,5,1,2024-11-25,3.0,3.2815405358155734,0.28154053581557337
3,5,1,2024-12-02,5.0,6.954523442963856,1.9545234429638558
3,5,1,2024-12-09,5.0,6.661177799985709,1.6611777999857091
3,5,1,2024-12-16,4.0,5.697646501173205,1.697646501173205
3,5,1,2024-12-23,5.0,4.299130228904882,0.7008697710951184
3,5,1,2024-12-30,3.0,3.628855294009418,0.6288552940094179
3,5,1,2025-01-06,1.0,2.4579300153212102,1.4579300153212102
3,5,1,2025-01-13,5.0,4.083515959799646,0.9164840402003538
3,5,1,2025-01-20,5.0,3.7832889703054513,1.2167110296945487
3,5,1,2025-01-31,6.0,4.992336291381714,1.0076637086182858
3,5,1,2025-02-03,5.0,4.841944542416274,0.15805545758372563
3,5,2,2024-11-01,0.0,0.478026364456585,0.478026364456585
3,5,2,2024-11-04,0.0,0.21510669426965115,0.21510669426965115
3,5,2,2024-11-11,0.0,0.0,0.0
3,5,2,2024-11-18,0.0,0.3143347485414662,0.3143347485414662
3,5,2,2024-11-25,6.0,0.8101403801737636,5.189859619826237
3,5,2,2024-12-02,6.0,7.477482830510384,1.4774828305103842
3,5,2,2024-12-09,6.0,7.0950034385516325,1.0950034385516325
3,5,2,2024-12-16,5.0,5.362123035196846,0.36212303519684585
3,5,2,2024-12-23,4.0,4.08183224365463,0.08183224365463015
3,5,2,2024-12-30,2.0,3.3444057878173123,1.3444057878173123
3,5,2,2025-01-06,1.0,2.644291437711364,1.644291437711364
3,5,2,2025-01-13,5.0,4.198823926701586,0.8011760732984143
3,5,2,2025-01-20,5.0,3.976323070931173,1.0236769290688268
3,5,2,2025-01-31,7.0,5.3750781536695795,1.6249218463304205
3,5,2,2025-02-03,6.0,5.834235363293334,0.1657646367066663
4,1,1,2024-11-01,0.0,0.0,0.0
4,1,1,2024-11-04,0.0,0.0,0.0
4,1,1,2024-11-11,0.0,0.24093064206340403,0.24093064206340403
4,1,1,2024-11-18,0.0,0.3283050096665217,0.3283050096665217
4,1,1,2024-11-25,3.0,3.259316265123957,0.2593162651239571
4,1,1,2024-12-02,7.0,6.312270908553863,0.6877290914461369
4,1,1,2024-12-09,8.0,7.450143131315226,0.549856868684774
4,1,1,2024-12-16,7.0,5.700796971416945,1.2992030285830554
4,1,1,2024-12-23,5.0,5.295159993596176,0.29515999359617595
4,1,1,2024-12-30,2.0,3.7789257720062603,1.7789257720062603
4,1,1,2025-01-06,4.0,2.4548704828929155,1.5451295171070845
4,1,1,2025-01-13,4.0,4.099868377214381,0.09986837721438135
4,1,1,2025-01-20,3.0,3.6885994302441603,0.6885994302441603
4,1,1,2025-01-31,5.0,4.895566737259896,0.10443326274010367
4,1,1,2025-02-03,5.0,5.817630316508089,0.8176303165080894
4,1,2,2024-11-01,0.0,0.0,0.0
4,1,2,2024-11-04,0.0,0.0,0.0
4,1,2,2024-11-11,0.0,0.33226636297371187,0.33226636297371187
4,1,2,2024-11-18,1.0,0.26245373636162883,0.7375462636383712
4,1,2,2024-11-25,5.0,5.480169897034476,0.4801698970344761
4,1,2,2024-12-02,8.0,7.9606157448642145,0.03938425513578547
4,1,2,2024-12-09,9.0,7.994265199663144,1.0057348003368558
4,1,2,2024-12-16,7.0,6.555125707622606,0.44487429237739384
4,1,2,2024-12-23,6.0,4.997174193514088,1.0028258064859124
4,1,2,2024-12-30,3.0,3.738509983956424,0.738509983956424
4,1,2,2025-01-06,4.0,1.785611915504351,2.214388084495649
4,1,2,2025-01-13,5.0,4.163210065308661,0.836789934691339
4,1,2,2025-01-20,3.0,3.898423240190241,0.8984232401902408
4,1,2,2025-01-31,3.0,4.4300462099667275,1.4300462099667275
4,1,2,2025-02-03,4.0,4.978408883901883,0.9784088839018832
4,2,1,2024-11-01,0.0,0.363812656113051,0.363812656113051
4,2,1,2024-11-04,0.0,0.0,0.0
4,2,1,2024-11-11,1.0,0.5951889234512759,0.40481107654872406
4,2,1,2024-11-18,3.0,3.512422482430634,0.512422482430634
4,2,1,2024-11-25,7.0,7.368336128149906,0.368336128149906
4,2,1,2024-12-02,9.0,8.361370760595339,0.6386292394046613
4,2,1,2024-12-09,9.0,8.33469045536445,0.6653095446355497
4,2,1,2024-12-16,8.0,6.589265027104787,1.410734972895213
4,2,1,2024-12-23,6.0,5.780994498509643,0.2190055014903569
4,2,1,2024-12-30,5.0,4.689592848719798,0.31040715128020224
4,2,1,2025-01-06,3.0,3.3417848711991676,0.34178487119916756
4,2,1,2025-01-13,5.0,3.8586219216462063,1.1413780783537937
4,2,1,2025-01-20,3.0,4.657153376682192,1.6571533766821922
4,2,1,2025-01-31,4.0,4.761662077653608,0.7616620776536083
4,2,1,2025-02-03,3.0,6.035696895731308,3.0356968957313084
4,2,2,2024-11-01,0.0,0.363812656113051,0.363812656113051
4,2,2,2024-11-04,0.0,0.0,0.0
4,2,2,2024-11-11,0.0,0.6421371866950565,0.6421371866950565
4,2,2,2024-11-18,0.0,0.7876787629854842,0.7876787629854842
4,2,2,2024-11-25,1.0,3.9045003530996527,2.9045003530996527
4,2,2,2024-12-02,7.0,6.510730155786109,0.48926984421389097
4,2,2,2024-12-09,9.0,7.715298172904341,1.2847018270956587
4,2,2,2024-12-16,6.0,6.470394276331148,0.47039427633114794
4,2,2,2024-12-23,5.0,4.624191302430437,0.37580869756956314
4,2,2,2024-12-30,5.0,3.6945402914094085,1.3054597085905915
4,2,2,2025-01-06,2.0,3.238900664571914,1.238900664571914
4,2,2,2025-01-13,4.0,3.858043987135139,0.14195601286486115
4,2,2,2025-01-20,4.0,4.028740903792065,0.028740903792065176
4,2,2,2025-01-31,4.0,4.919557516562764,0.9195575165627643
4,2,2,2025-02-03,4.0,5.668913456896873,1.668913456896873
4,3,1,2024-11-01,0.0,0.235876365521785,0.235876365521785
4,3,1,2024-11-04,0.0,0.0,0.0
4,3,1,2024-11-11,0.0,0.446957307046259,0.446957307046259
4,3,1,2024-11-18,0.0,0.7169030848511094,0.7169030848511094
4,3,1,2024-11-25,4.0,3.6378185620482366,0.3621814379517634
4,3,1,2024-12-02,7.0,7.060586302606166,0.06058630260616571
4,3,1,2024-12-09,8.0,7.664917521416441,0.33508247858355933
4,3,1,2024-12-16,6.0,6.070196821150685,0.07019682115068537
4,3,1,2024-12-23,6.0,4.883825209017537,1.1161747909824626
4,3,1,2024-12-30,4.0,4.151884089408161,0.15188408940816078
4,3,1,2025-01-06,3.0,2.8683855640287463,0.13161443597125366
4,3,1,2025-01-13,4.0,3.707073431571722,0.2929265684282778
4,3,1,2025-01-20,4.0,4.297644316252404,0.29764431625240384
4,3,1,2025-01-31,4.0,5.134106409042758,1.134106409042758
4,3,1,2025-02-03,5.0,5.612097760453466,0.6120977604534659
4,3,2,2024-11-01,0.0,0.235876365521785,0.235876365521785
4,3,2,2024-11-04,0.0,0.0,0.0
4,3,2,2024-11-11,0.0,0.4311534410214825,0.4311534410214825
4,3,2,2024-11-18,1.0,0.6728346947118843,0.3271653052881157
4,3,2,2024-11-25,5.0,5.455887209801469,0.45588720980146924
4,3,2,2024-12-02,8.0,7.490224036248413,0.5097759637515873
4,3,2,2024-12-09,8.0,7.622038288842154,0.3779617111578464
4,3,2,2024-12-16,6.0,5.768133984080051,0.23186601591994904
4,3,2,2024-12-23,5.0,4.628796106955976,0.371203893044024
4,3,2,2024-12-30,4.0,3.1595099963854296,0.8404900036145704
4,3,2,2025-01-06,2.0,2.69610232856483,0.6961023285648298
4,3,2,2025-01-13,5.0,3.9453517356601258,1.0546482643398742
4,3,2,2025-01-20,3.0,4.772443990938954,1.772443990938954
4,3,2,2025-01-31,4.0,4.95248781408949,0.9524878140894897
4,3,2,2025-02-03,4.0,5.7399345090903315,1.7399345090903315
4,4,1,2024-11-01,0.0,0.2549468580662235,0.2549468580662235
4,4,1,2024-11-04,0.0,0.0,0.0
4,4,1,2024-11-11,0.0,0.3955860106704381,0.3955860106704381
4,4,1,2024-11-18,1.0,1.1023136558352877,0.10231365583528773
4,4,1,2024-11-25,5.0,5.777339844987469,0.7773398449874689
4,4,1,2024-12-02,8.0,7.741486852319499,0.2585131476805014
4,4,1,2024-12-09,9.0,7.922795104178117,1.0772048958218834
4,4,1,2024-12-16,7.0,6.635034022073964,0.3649659779260359
4,4,1,2024-12-23,6.0,5.3166245358889,0.6833754641110996
4,4,1,2024-12-30,5.0,4.239358126006808,0.7606418739931922
4,4,1,2025-01-06,3.0,3.0426155227305984,0.04261552273059843
4,4,1,2025-01-13,4.0,4.071047977795808,0.07104797779580796
4,4,1,2025-01-20,4.0,4.045063273583662,0.045063273583662244
4,4,1,2025-01-31,4.0,5.119496750348083,1.119496750348083
4,4,1,2025-02-03,3.0,5.7195314272416224,2.7195314272416224
4,4,2,2024-11-01,0.0,0.2549468580662235,0.2549468580662235
4,4,2,2024-11-04,0.0,0.0,0.0
4,4,2,2024-11-11,0.0,0.4459745827535067,0.4459745827535067
4,4,2,2024-11-18,0.0,0.9175611634164065,0.9175611634164065
4,4,2,2024-11-25,1.0,3.529719333770785,2.529719333770785
4,4,2,2024-12-02,6.0,6.217862707048387,0.21786270704838717
4,4,2,2024-12-09,7.0,7.22427174863574,0.22427174863573995
4,4,2,2024-12-16,5.0,5.6813564943718955,0.6813564943718955
4,4,2,2024-12-23,4.0,4.183569396247235,0.18356939624723534
4,4,2,2024-12-30,3.0,3.125519670325738,0.1255196703257382
4,4,2,2025-01-06,1.0,2.2778668160876223,1.2778668160876223
4,4,2,2025-01-13,5.0,4.217628467151339,0.7823715328486607
4,4,2,2025-01-20,4.0,4.607478126606474,0.6074781266064742
4,4,2,2025-01-31,4.0,4.801842872133849,0.8018428721338493
4,4,2,2025-02-03,4.0,5.506631019796483,1.5066310197964832
4,5,1,2024-11-01,0.0,0.23872203310717632,0.23872203310717632
4,5,1,2024-11-04,0.0,0.0,0.0
4,5,1,2024-11-11,0.0,0.35563227181030366,0.35563227181030366
4,5,1,2024-11-18,1.0,0.8891854513464712,0.1108145486535288
4,5,1,2024-11-25,4.0,5.4553596204193395,1.4553596204193395
4,5,1,2024-12-02,8.0,7.018170144353781,0.981829855646219
4,5,1,2024-12-09,8.0,7.570954242051766,0.4290457579482343
4,5,1,2024-12-16,6.0,5.815949279377913,0.18405072062208738
4,5,1,2024-12-23,5.0,4.497590755344092,0.5024092446559081
4,5,1,2024-12-30,4.0,3.0593753851760677,0.9406246148239323
4,5,1,2025-01-06,3.0,2.593594353329901,0.40640564667009915
4,5,1,2025-01-13,4.0,3.569707641345256,0.4302923586547438
4,5,1,2025-01-20,5.0,4.173406613854454,0.8265933861455457
4,5,1,2025-01-31,4.0,4.5399151748241815,0.5399151748241815
4,5,1,2025-02-03,5.0,5.393983792705292,0.39398379270529205
4,5,2,2024-11-01,0.0,0.23872203310717632,0.23872203310717632
4,5,2,2024-11-04,0.0,0.0,0.0
4,5,2,2024-11-11,0.0,0.4229871243665625,0.4229871243665625
4,5,2,2024-11-18,0.0,0.7233486047253316,0.7233486047253316
4,5,2,2024-11-25,1.0,3.6717145381948972,2.6717145381948972
4,5,2,2024-12-02,6.0,6.194947596715774,0.19494759671577366
4,5,2,2024-12-09,7.0,7.0383428131277155,0.03834281312771548
4,5,2,2024-12-16,6.0,5.731044256791635,0.26895574320836513
4,5,2,2024-12-23,6.0,4.591316529029994,1.408683470970006
4,5,2,2024-12-30,5.0,4.155959885445797,0.8440401145542031
4,5,2,2025-01-06,4.0,3.1109378759620934,0.8890621240379066
4,5,2,2025-01-13,4.0,4.125181308857746,0.12518130885774603
4,5,2,2025-01-20,3.0,3.7334086195419496,0.7334086195419496
4,5,2,2025-01-31,4.0,4.8042355366729055,0.8042355366729055
4,5,2,2025-02-03,5.0,5.647731680005244,0.6477316800052444
